sample_id	cancer_type	chrom	position	ref	var
CGP_donor_1347739	Breast-AdenoCA	MT	42	T	+A
HX35	Liver-HCC	MT	56	A	-T
RK019	Liver-HCC	MT	56	A	-TTT
b2e2d35c-7a79-4165-97a5-82d5c37d94f2	Stomach-AdenoCA	MT	63	T	-C
7fee9d6f-c0ea-43c2-89c2-66d965a077a8	Bladder-TCC	MT	65	T	-G
9c274536-3ca1-4f0e-93a8-1688074d862f	Bladder-TCC	MT	65	T	-G
CGP_donor_1363963	Breast-AdenoCA	MT	65	T	-G
750770db-53cf-4021-a8c2-5e0ddb97fef5	ColoRect-AdenoCA	MT	65	T	-G
OCCAMS-AH-082	Eso-AdenoCA	MT	65	T	-G
713190ed-c6c1-4695-814b-85ca9b95e6a0	CNS-GBM	MT	65	T	-G
c184c3ca-7ad3-4202-b108-cb9fd5f5d947	CNS-GBM	MT	65	T	-G
c931f3bd-74c5-4ebd-bc0f-c7c6becd25ab	CNS-GBM	MT	65	T	-G
f5bc5d97-e054-4e53-992d-71b896bd97d5	CNS-GBM	MT	65	T	-G
f435ec00-0db8-46b4-96bf-890a9d931df3	Liver-HCC	MT	65	T	-G
OSCC-GB_012201	Head-SCC	MT	65	T	-G
ICGC_0536	Panc-AdenoCA	MT	65	T	-G
ITNET-1312	Panc-Endocrine	MT	65	T	-G
ICGC_PA116	CNS-PiloAstro	MT	65	T	-G
0eda7373-8335-455f-b90a-8c3540f28088	ColoRect-AdenoCA	MT	65	T	-G
73d2e8ef-4e10-416a-845b-f48374e48ecb	SoftTissue-Liposarc	MT	65	T	-G
RK159	Biliary-AdenoCA	MT	65	T	-G
A22-0016_CRUK_PC_0016	Prost-AdenoCA	MT	65	T	-G
CPCG0368	Prost-AdenoCA	MT	65	T	-G
CPCG0375	Prost-AdenoCA	MT	65	T	-G
C0047	Kidney-RCC	MT	65	T	-G
02979422-5149-4750-ad5f-483e0bec6ac5	Kidney-ChRCC	MT	65	T	+G
0ec3caa1-7c51-417b-a89c-18e9fceb80c4	Kidney-ChRCC	MT	65	T	+G
151f07f5-1529-4fcd-912c-e55b2ff8abef	Kidney-ChRCC	MT	65	T	+G
23656226-2d99-4548-959f-5c2eed803e33	Kidney-ChRCC	MT	65	T	+G
4a88bc85-4c6e-4fac-8dbb-d3fc5f36b35e	Kidney-ChRCC	MT	65	T	+G
4e4faf51-2cbf-4910-a093-186660e4a19b	Kidney-ChRCC	MT	65	T	+G
af1111af-9384-4e37-9b16-227d38007ebd	Kidney-ChRCC	MT	65	T	+G
cc316faf-dcb1-4dea-b8b0-a17d000ff40f	Kidney-ChRCC	MT	65	T	+G
dc04b82c-e1e8-4917-ba19-c2fea4a1b69a	Kidney-ChRCC	MT	65	T	+G
0eda7373-8335-455f-b90a-8c3540f28088	ColoRect-AdenoCA	MT	70	G	+C
CGP_donor_1490914	Bone-Osteosarc	MT	194	C	+A
RK208	Biliary-AdenoCA	MT	231	C	+ATA
1db41963-a520-47f0-828c-ed5c626507b1	Kidney-RCC	MT	239	T	-AAC
OSCC-GB_012001	Head-SCC	MT	246	T	-G
MELA-0187	Skin-Melanoma	MT	268	C	-CA
c4d1e105-28b7-48df-abef-fbe09782fdb2	Lung-AdenoCA	MT	291	A	+C
C0041	Kidney-RCC	MT	356	C	+A
PCSI_0355	Panc-AdenoCA	MT	362	C	+AAAG
ICGC_0456	Panc-Endocrine	MT	404	C	+T
CGP_donor_1503128	Breast-AdenoCA	MT	432	A	+C
455fd7d4-5ff4-423f-83ce-4630aef89bb7	Kidney-ChRCC	MT	432	A	+C
cc316faf-dcb1-4dea-b8b0-a17d000ff40f	Kidney-ChRCC	MT	432	A	+C
75a53bff-bf0f-4ad8-9b8e-14a27914d4f2	Kidney-RCC	MT	432	A	+C
RK043	Liver-HCC	MT	432	A	+C
RK051	Liver-HCC	MT	432	A	+C
RK086	Liver-HCC	MT	432	A	+C
ICGC_0427	Panc-Endocrine	MT	432	A	+C
ICGC_0432	Panc-Endocrine	MT	432	A	+C
ICGC_0439	Panc-Endocrine	MT	432	A	+C
ICGC_0440	Panc-Endocrine	MT	432	A	+C
ITNET-1257	Panc-Endocrine	MT	432	A	+C
ITNET-1265	Panc-Endocrine	MT	432	A	+C
ITNET-1301	Panc-Endocrine	MT	432	A	+C
fe45eaee-ff0c-4d52-b18c-04dc2d64d3b4	Stomach-AdenoCA	MT	432	A	+C
RK131	Liver-HCC	MT	432	A	+C
RK257	Liver-HCC	MT	432	A	+C
RK317	Biliary-AdenoCA	MT	432	A	+C
8ac7f218-bd7b-4dda-8879-2cec49748e42	Kidney-ChRCC	MT	451	A	-T
0067_CRUK_PC_0067	Prost-AdenoCA	MT	459	C	-T
OCCAMS-ZZ-016	Eso-AdenoCA	MT	459	C	-T
9da334ed-314c-4445-ba29-ffd9bb42403c	Kidney-RCC	MT	493	A	-C
AOCS-160	Ovary-AdenoCA	MT	512	A	+AC
9a56d8a8-dadd-442e-bc09-732cd619aef7	Liver-HCC	MT	512	A	-GC
4178655	Lymph-BNHL	MT	512	A	-GC
AOCS-085	Ovary-AdenoCA	MT	512	A	-GC
b0cb6ed7-3d9f-4d5e-8df5-edcc921c43b4	Thy-AdenoCA	MT	512	A	-GC
CGP_donor_1691131	Bone-Epith	MT	513	G	-CA
8bd68696-5eeb-46d7-9dc6-c39c849029a4	Breast-AdenoCA	MT	513	G	-CA
EOPC-017	Prost-AdenoCA	MT	513	G	-CA
CGP_donor_GC00002	Stomach-AdenoCA	MT	513	G	-CA
9f89510c-ed07-471f-b35e-7c87c237b9fe	Head-SCC	MT	513	G	-CA
03f3dd32-e1d1-485b-a968-3f55798f4d46	Kidney-ChRCC	MT	513	G	-CA
d52c3cb6-921e-4f26-b49c-e6e4f11f9c06	Kidney-ChRCC	MT	513	G	-CA
71b35cd8-ecee-4599-bb24-b1ef78118423	Kidney-RCC	MT	513	G	-CA
a121406a-30b2-4717-ae96-edcb17d911e2	Kidney-RCC	MT	513	G	-CA
c7f1b389-aec7-4993-8afb-b7a56064f8fc	Liver-HCC	MT	513	G	-CA
395babb3-3f5d-4e71-a675-af4443f23028	Lung-SCC	MT	513	G	-CA
3d1f4059-2220-45b4-a4d2-b14f76cec96a	Lung-SCC	MT	513	G	-CA
4102009	Lymph-BNHL	MT	513	G	-CA
AOCS-063	Ovary-AdenoCA	MT	513	G	-CA
ICGC_0223	Panc-AdenoCA	MT	513	G	-CA
PCSI_0279	Panc-AdenoCA	MT	513	G	-CA
ICGC_0439	Panc-Endocrine	MT	513	G	-CA
fe45eaee-ff0c-4d52-b18c-04dc2d64d3b4	Stomach-AdenoCA	MT	513	G	-CA
OCCAMS-AH-174	Eso-AdenoCA	MT	513	G	-CA
RK088	Liver-HCC	MT	513	G	-CA
RK133	Liver-HCC	MT	513	G	-CA
RK140	Liver-HCC	MT	513	G	-CA
RK265	Liver-HCC	MT	513	G	-CA
RK268	Liver-HCC	MT	513	G	-CA
PCSI_0451	Panc-AdenoCA	MT	513	G	-CA
CPCG0048	Prost-AdenoCA	MT	513	G	-CA
CPCG0154	Prost-AdenoCA	MT	513	G	-CA
CPCG0201	Prost-AdenoCA	MT	513	G	-CA
CPCG0251	Prost-AdenoCA	MT	513	G	-CA
CPCG0352	Prost-AdenoCA	MT	513	G	-CA
C0006	Kidney-RCC	MT	513	G	-CA
C0042	Kidney-RCC	MT	513	G	-CA
65cac997-4d39-4501-85ec-4fcb328a8eb5	Breast-AdenoCA	MT	513	G	+CA
CGP_donor_1337218	Breast-AdenoCA	MT	513	G	+CA
CGP_donor_1347813	Breast-AdenoCA	MT	513	G	+CA
CGP_donor_1472394	Breast-AdenoCA	MT	513	G	+CA
EOPC-052	Prost-AdenoCA	MT	513	G	+CA
c2598334-f866-4cc3-93ec-2d2e8b85d319	Lung-SCC	MT	513	G	+CA
4166706	Lymph-BNHL	MT	513	G	+CA
30b8f4cd-9245-4496-a8a8-c3e59093bc0a	Ovary-AdenoCA	MT	513	G	+CA
AOCS-004	Ovary-AdenoCA	MT	513	G	+CA
AOCS-005	Ovary-AdenoCA	MT	513	G	+CA
ICGC_0457	Panc-Endocrine	MT	513	G	+CA
ICGC_MB64	CNS-Medullo	MT	513	G	+CA
ICGC_PA147	CNS-PiloAstro	MT	513	G	+CA
79ecc142-8f6e-4260-a7ce-c8e2a6212c35	Uterus-AdenoCA	MT	513	G	+CA
OCCAMS-AH-213	Eso-AdenoCA	MT	513	G	+CA
MELA-0160	Skin-Melanoma	MT	513	G	+CA
A32-0019_CRUK_PC_0019	Prost-AdenoCA	MT	513	G	+CA
CPCG0087	Prost-AdenoCA	MT	513	G	+CA
PCSI_0046	Panc-AdenoCA	MT	547	A	-C
PCSI_0301	Panc-AdenoCA	MT	559	C	-CA
OCCAMS-AH-213	Eso-AdenoCA	MT	565	A	+C
AOCS-092	Ovary-AdenoCA	MT	567	A	-C
493a4ff2-37a5-4b79-928d-83dbfe534556	Bladder-TCC	MT	567	A	+C
1549dc64-3dab-43fc-96e9-b07d520957e1	Breast-AdenoCA	MT	567	A	+C
17c1d42c-cb84-4655-a4cd-b54bae17ecaf	Breast-AdenoCA	MT	567	A	+C
b58ad350-5140-4fa8-bc2c-24bca8395f3a	Breast-AdenoCA	MT	567	A	+C
f978cb0f-d319-4c01-b4c5-23ae1403a106	Lymph-BNHL	MT	567	A	+C
cc316faf-dcb1-4dea-b8b0-a17d000ff40f	Kidney-ChRCC	MT	567	A	+C
e6b72c24-1607-43b9-8b8a-7bf83eea5895	Lung-SCC	MT	567	A	+C
4104893	Lymph-BNHL	MT	567	A	+C
OSCC-GB_012101	Head-SCC	MT	567	A	+C
OSCC-GB_012701	Head-SCC	MT	567	A	+C
AOCS-079	Ovary-AdenoCA	MT	567	A	+C
ICGC_0296	Panc-AdenoCA	MT	567	A	+C
ICGC_0365	Panc-AdenoCA	MT	567	A	+C
dcff8659-ecca-4798-80a3-dd6e7642ba2b	Uterus-AdenoCA	MT	567	A	+C
OCCAMS-AH-213	Eso-AdenoCA	MT	567	A	+C
ICGC_0088	Panc-AdenoCA	MT	567	A	+C
EOPC-09	Prost-AdenoCA	MT	581	A	+T
178b28cd-99c3-48dc-8d09-1ef71b4cee80	Bladder-TCC	MT	624	C	-G
CHC205	Liver-HCC	MT	676	G	-CT
RK187	Liver-HCC	MT	749	G	-AACAAGCATCA
783	Lymph-CLL	MT	751	A	-C
EOPC-07	Prost-AdenoCA	MT	751	A	-CAAGCATCAAG
RK081	Liver-HCC	MT	754	A	-GCATCAAGCAC
78412f82-cc55-43d5-96ca-1d02cf957725	Kidney-RCC	MT	810	G	+T
aecf85cc-058c-46f3-9cdc-3573ac3b8438	Lung-SCC	MT	829	C	-T
OCCAMS-RS-032	Eso-AdenoCA	MT	955	A	-C
OCCAMS-RS-036	Eso-AdenoCA	MT	955	A	+C
ITNET-1301	Panc-Endocrine	MT	955	A	+C
0006_CRUK_PC_0006	Prost-AdenoCA	MT	955	A	+C
HX35	Liver-HCC	MT	955	A	+C
CGP_donor_GC00053	Stomach-AdenoCA	MT	992	T	-A
2ed3296a-5b10-40d8-8af4-90dc031657cd	Kidney-RCC	MT	992	T	-A
4144633	Lymph-BNHL	MT	992	T	-A
OSCC-GB_012001	Head-SCC	MT	992	T	-A
CPCG0190	Prost-AdenoCA	MT	992	T	-A
PCSI_0468	Panc-AdenoCA	MT	1046	A	-AC
ICGC_0433	Panc-Endocrine	MT	1052	C	-AA
OCCAMS-AH-112	Eso-AdenoCA	MT	1082	A	+C
27	Lymph-CLL	MT	1374	A	-C
RK133	Liver-HCC	MT	1526	T	-A
PCSI_0531	Panc-AdenoCA	MT	1542	T	-TA
dc04b82c-e1e8-4917-ba19-c2fea4a1b69a	Kidney-ChRCC	MT	1586	G	+TGCACT
CPCG0413	Prost-AdenoCA	MT	1605	A	-GT
c5b0e6be-48b5-40e5-9d90-f9112050aa88	SoftTissue-Leiomyo	MT	1800	G	-A
ICGC_0441	Panc-Endocrine	MT	1840	C	-T
CGP_donor_1451422	Breast-LobularCA	MT	1900	A	+C
RK172	Liver-HCC	MT	1900	A	+C
AOCS-170	Ovary-AdenoCA	MT	1900	A	+C
AOCS-171	Ovary-AdenoCA	MT	1900	A	+C
RK128	Liver-HCC	MT	1900	A	+C
MELA-0070	Skin-Melanoma	MT	1900	A	+C
CGP_donor_GC00033	Stomach-AdenoCA	MT	1937	A	+T
9dc7812b-c7a2-4de4-bf6d-4c7261384a62	Kidney-RCC	MT	1953	A	-TG
RK007	Liver-HCC	MT	1985	G	+T
b4a0bf74-1381-4c17-b97d-206810d9e59a	Kidney-ChRCC	MT	2125	C	-TA
a824b3bd-34d5-4cc1-a92f-f9d6ac0f1814	Breast-AdenoCA	MT	2129	G	-A
aeb6a3a6-b57a-4c53-90e6-e833777dd2a1	Breast-AdenoCA	MT	2129	G	-A
9b84d013-713b-4571-888c-12863fdd4a52	Kidney-RCC	MT	2129	G	-A
2c084454-18e9-4837-9bba-7e91a73a48e0	Kidney-RCC	MT	2129	G	-A
CGP_donor_1337217	Breast-AdenoCA	MT	2129	G	+A
CGP_donor_1167079	Breast-AdenoCA	MT	2132	A	+T
CGP_donor_1167080	Breast-AdenoCA	MT	2141	T	-AG
CGP_donor_1364444	Myeloid-MPN	MT	2141	T	+AG
fafd6f5b-1d76-4537-bd1c-e0bd7b4e2166	Head-SCC	MT	2141	T	+AG
4108992	Lymph-BNHL	MT	2141	T	+AG
4177987	Lymph-BNHL	MT	2141	T	+AG
6d10d4ee-6331-4bba-93bc-a7b64cc0b22a	Ovary-AdenoCA	MT	2141	T	+AG
AOCS-081	Ovary-AdenoCA	MT	2141	T	+AG
OCCAMS-AH-061	Eso-AdenoCA	MT	2141	T	+AG
OCCAMS-PS-013	Eso-AdenoCA	MT	2141	T	+AG
CPCG0158	Prost-AdenoCA	MT	2141	T	+AG
CPCG0352	Prost-AdenoCA	MT	2143	G	+AA
RK267	Liver-HCC	MT	2226	T	+A
PCSI_0142	Panc-AdenoCA	MT	2226	T	+A
OCCAMS-RS-006	Eso-AdenoCA	MT	2456	T	-A
5c9a6c40-982e-45c7-98d3-aeb6cad16986	Kidney-RCC	MT	2456	T	-A
HX33	Liver-HCC	MT	2456	T	-A
CGP_donor_1472394	Breast-AdenoCA	MT	2456	T	+A
OCCAMS-SH-038	Eso-AdenoCA	MT	2456	T	+A
f030e410-2585-461e-ad23-9fdf026ac06c	Head-SCC	MT	2456	T	+A
30b8f4cd-9245-4496-a8a8-c3e59093bc0a	Ovary-AdenoCA	MT	2456	T	+A
045c13ef-3db7-4adf-b0a3-23338f0479f3	Breast-AdenoCA	MT	2466	A	+T
EOPC-029	Prost-AdenoCA	MT	2505	A	-AACATCACCTCT
9ecdde9c-2179-4830-bd10-c4fa40f26066	Kidney-RCC	MT	2505	A	-AACATCACCTCT
ICGC_0432	Panc-Endocrine	MT	2505	A	-AACATCACCTCT
ICGC_0432	Panc-Endocrine	MT	2634	T	-G
RK144	Liver-HCC	MT	2689	C	-GT
17dffffc-65d6-4209-9075-18a441001f0f	CNS-GBM	MT	2703	C	-ATAA
8785012f-f73e-4d68-87cf-1d804af32782	Breast-AdenoCA	MT	2725	A	-C
bad34c92-1e64-4187-a0b4-061105fd13ba	Uterus-AdenoCA	MT	2800	T	-A
3cbca837-f5a7-4a87-8f02-c59eac232d5a	Kidney-RCC	MT	2819	G	-ACCTCGGAGCAGAACCCA
925ae8ff-3200-4564-be76-94db0984b027	Kidney-RCC	MT	2819	G	-ACCTCGGAGCAGAACCCA
RK036	Liver-HCC	MT	2819	G	-ACCTCGGAGCAGAACCCA
OCCAMS-AH-047	Eso-AdenoCA	MT	2825	G	-GAGCAGAACCCAACCTCC
PCSI_0477	Panc-AdenoCA	MT	2832	A	-ACCCAACCTCCGAGCAGT
a8c2aa08-9156-4845-ad77-5e060858c757	Liver-HCC	MT	2948	C	-CTATT
RK159	Biliary-AdenoCA	MT	2972	A	+T
0071_CRUK_PC_0071	Prost-AdenoCA	MT	3067	T	-GAGTTCAGACCG
670c1cbc-4494-45f1-bb8b-18db82d4f7e0	Liver-HCC	MT	3176	A	-ATG
74139255-a635-4c87-814d-3dd04ed630a8	CNS-GBM	MT	3202	T	-ACCCAC
RK262	Liver-HCC	MT	3244	G	-C
70741b73-9683-42bd-87fc-6a021a70103b	Head-SCC	MT	3257	A	-TAAAACT
RK074	Liver-HCC	MT	3265	T	-AA
RK223	Liver-HCC	MT	3408	C	-A
EOPC-025	Prost-AdenoCA	MT	3410	A	-AGGCCCCAACGTTGT
PCSI_0269	Panc-AdenoCA	MT	3410	A	-AGGCCCCAACGTTGT
4124188	Lymph-BNHL	MT	3428	G	-C
CPCG0352	Prost-AdenoCA	MT	3428	G	-C
8a24f1a3-4bab-4591-9676-7bee01d096c1	Stomach-AdenoCA	MT	3428	G	+C
AOCS-112	Ovary-AdenoCA	MT	3506	C	-CATCACCCTCTA
a06c09a8-0951-49f4-a765-5147bbcae109	ColoRect-AdenoCA	MT	3565	A	-C
OCCAMS-RS-007	Eso-AdenoCA	MT	3565	A	-C
cd032ddb-55f2-4c77-8dcf-e4e630f7de6f	Head-SCC	MT	3565	A	-C
97831d28-ab41-4c18-bfc2-c4c6bc757d13	Lung-AdenoCA	MT	3565	A	-C
53086e20-a727-40d6-b42d-8030109b5130	Stomach-AdenoCA	MT	3565	A	-C
RK308	Biliary-AdenoCA	MT	3565	A	-C
b094e8b2-8ece-4b36-8025-18073a8b873c	Breast-AdenoCA	MT	3565	A	+C
CGP_donor_1230722	Breast-AdenoCA	MT	3565	A	+C
8a4da4f0-30f2-497e-8a7c-988fd6b813cb	Cervix-SCC	MT	3565	A	+C
343	Lymph-CLL	MT	3565	A	+C
e8ec26bd-c88d-42b9-ac8a-ab121b8140f8	ColoRect-AdenoCA	MT	3565	A	+C
EOPC-025	Prost-AdenoCA	MT	3565	A	+C
e17a6048-7a72-42c0-ad3f-97cbff02bc9f	CNS-GBM	MT	3565	A	+C
e4245fff-1281-40e5-87b4-4e42a18a3a63	Kidney-RCC	MT	3565	A	+C
8afa3140-dcbd-44c0-ab13-4ada6a0444d4	Liver-HCC	MT	3565	A	+C
e21964b8-47c7-4a5f-bfa7-7206222883d2	Lung-SCC	MT	3565	A	+C
ICGC_0312	Panc-AdenoCA	MT	3565	A	+C
PCSI_0355	Panc-AdenoCA	MT	3565	A	+C
ICGC_MB15	CNS-Medullo	MT	3565	A	+C
ICGC_PA82	CNS-PiloAstro	MT	3565	A	+C
748e38b1-2ead-4a0a-8881-d640617b856b	Uterus-AdenoCA	MT	3565	A	+C
c88e3901-f3ee-436a-ba80-143c8eab7d69	Uterus-AdenoCA	MT	3565	A	+C
RK147	Liver-HCC	MT	3565	A	+C
PCSI_0287	Panc-AdenoCA	MT	3565	A	+C
CPCG0339	Prost-AdenoCA	MT	3565	A	+C
RK285	Liver-HCC	MT	3565	A	+CC
CGP_donor_1347739	Breast-AdenoCA	MT	3566	C	-CCCCCTCCCCATACCCAA
CGP_donor_1364444	Myeloid-MPN	MT	3570	C	-CT
CGP_donor_1364444	Myeloid-MPN	MT	3571	C	-T
RK145	Liver-HCC	MT	3679	T	-CAAA
ICGC_MB53	CNS-Medullo	MT	3757	C	+TATCAACATTACTAA
RK035	Liver-HCC	MT	3874	C	-TA
75a53bff-bf0f-4ad8-9b8e-14a27914d4f2	Kidney-RCC	MT	4112	T	+G
RK053	Liver-HCC	MT	4154	A	-C
028e99e9-5b9a-4954-bb6e-6d4709a3cea8	Lung-AdenoCA	MT	4219	G	-TCTCCATACCCATTACAA
RK054	Liver-HCC	MT	4255	C	+T
CPCG0256	Prost-AdenoCA	MT	4280	A	-AG
CHC433	Liver-HCC	MT	4292	G	-AT
8d3e3d09-bc61-4d5e-b8d6-5aee6cb488ae	Stomach-AdenoCA	MT	4337	A	-TGAGAATCGAACCCATCCC
PCSI_0084	Panc-AdenoCA	MT	4381	A	-CCT
9dc7812b-c7a2-4de4-bf6d-4c7261384a62	Kidney-RCC	MT	4516	G	-CA
8fccff71-3710-4cb9-b8af-61707aebe5d8	Stomach-AdenoCA	MT	4516	G	-CA
CPCG0361	Prost-AdenoCA	MT	4516	G	-CA
CGP_donor_1230722	Breast-AdenoCA	MT	4547	A	-T
PCSI_0334	Panc-AdenoCA	MT	4547	A	+T
02979422-5149-4750-ad5f-483e0bec6ac5	Kidney-ChRCC	MT	4604	C	-A
PCSI_0324	Panc-AdenoCA	MT	4604	C	-A
26	Lymph-CLL	MT	4604	C	+A
4163639	Lymph-BNHL	MT	4604	C	+A
ICGC_0059	Panc-AdenoCA	MT	4604	C	+A
ICGC_MB6	CNS-Medullo	MT	4604	C	+A
MELA-0003	Skin-Melanoma	MT	4604	C	+A
PCSI_0404	Panc-AdenoCA	MT	4878	G	-C
037c57d1-b4a5-45dc-bda4-0550461d321b	Lung-SCC	MT	4935	A	+CT
0007_CRUK_PC_0007	Prost-AdenoCA	MT	4970	A	-G
244	Lymph-CLL	MT	4997	C	-A
PCSI_0084	Panc-AdenoCA	MT	5123	A	-CTC
7941d1c7-5319-4e8d-a15f-60b61cb68a9b	Cervix-SCC	MT	5135	C	-TCCAGCACCACGACCCTACTACTA
PCSI_0473	Panc-AdenoCA	MT	5173	A	+T
CPCG0361	Prost-AdenoCA	MT	5222	A	-GGAG
CGP_donor_1397263	Breast-AdenoCA	MT	5231	G	+C
SNU_WGS_02	Myeloid-AML	MT	5296	T	-CATCATCCCCAC
9dc7812b-c7a2-4de4-bf6d-4c7261384a62	Kidney-RCC	MT	5304	C	-CCACCATCATAG
4ca13c92-84b4-4edf-842a-b20b7e713415	Lung-SCC	MT	5304	C	-CCACCATCATAG
RK020	Liver-HCC	MT	5304	C	-CCACCATCATAG
ICGC_0108	Panc-AdenoCA	MT	5359	T	-CTACTCCACCTCAATCACA
7fee9d6f-c0ea-43c2-89c2-66d965a077a8	Bladder-TCC	MT	5413	G	-AC
0c151271-2cf9-43f4-9e9b-fe927de43131	Kidney-RCC	MT	5490	C	-CT
PCSI_0305	Panc-AdenoCA	MT	5657	C	+T
CPCG0375	Prost-AdenoCA	MT	5683	A	-AC
OCCAMS-RS-014	Eso-AdenoCA	MT	5746	G	+A
02979422-5149-4750-ad5f-483e0bec6ac5	Kidney-ChRCC	MT	5751	A	-AG
04e9a63a-d742-488c-8564-bf9d79aa2091	Kidney-ChRCC	MT	5752	A	-G
02ec7a3a-2812-4a65-93cd-07bf655cc91b	Kidney-ChRCC	MT	5760	G	+T
A21-0096_CRUK_PC_0096	Prost-AdenoCA	MT	5779	A	-GCT
9dc7812b-c7a2-4de4-bf6d-4c7261384a62	Kidney-RCC	MT	5833	A	-AG
CPCG0046	Prost-AdenoCA	MT	5833	A	+T
PCSI_0044	Panc-AdenoCA	MT	5841	T	-A
5d1d00c6-fcae-479e-ae1e-de76efd41d98	Breast-AdenoCA	MT	5894	A	+C
25e893ad-a0fd-45ae-9aa9-9bcd7c2ec8e5	Liver-HCC	MT	5894	A	+C
RK038	Liver-HCC	MT	5894	A	+C
PCSI_0227	Panc-AdenoCA	MT	5894	A	+C
b46d88e9-8477-4900-8da9-5e7dbded0653	Thy-AdenoCA	MT	5894	A	+C
MELA-0256	Skin-Melanoma	MT	5894	A	+C
EOPC-037	Prost-AdenoCA	MT	5966	A	-T
6101ffe6-2ef6-4256-9d6b-a7c545836995	Kidney-ChRCC	MT	5981	T	-G
RK283	Liver-HCC	MT	5983	G	+T
1e308b12-0590-4dae-94d0-a539fcf25df7	Bladder-TCC	MT	5987	C	-CTAG
PCSI_0112	Panc-AdenoCA	MT	6014	T	-CGAGC
493a4ff2-37a5-4b79-928d-83dbfe534556	Bladder-TCC	MT	6037	G	-CAACCTTCTAGGTAACGACCACATCTA
ICGC_MB247	CNS-Medullo	MT	6114	A	+T
df576520-a6b6-4c9b-8d06-3f59cc5342fd	Lung-AdenoCA	MT	6168	G	-C
RK176	Liver-HCC	MT	6181	C	+G
C0036	Kidney-RCC	MT	6199	A	-CAT
CGP_donor_1199138	Breast-AdenoCA	MT	6218	A	+C
e8ac39e6-377a-412c-b18d-f6c4fc654ec6	Head-SCC	MT	6218	A	+C
CPCG0266	Prost-AdenoCA	MT	6218	A	+C
PCSI_0355	Panc-AdenoCA	MT	6258	G	+T
2d00f09f-0074-46c8-b357-b5f33567762a	Liver-HCC	MT	6409	T	-CAATATAAAACCCCCTGCCATAACC
52292ffc-0902-4d97-b461-20723987a177	Liver-HCC	MT	6415	T	-A
6a6c1569-1045-4ed3-acdb-5c45e47614ca	Kidney-RCC	MT	6500	C	+A
PCSI_0164	Panc-AdenoCA	MT	6537	G	-ACCGCA
a9d8f797-8a53-4be5-b957-0f1f6d080390	Thy-AdenoCA	MT	6632	T	-TA
MELA-0001	Skin-Melanoma	MT	6632	T	-TA
CGP_donor_1437412	Bone-Benign	MT	6691	G	-A
EOPC-01	Prost-AdenoCA	MT	6691	G	-A
OCCAMS-AH-036	Eso-AdenoCA	MT	6691	G	-A
054f472f-98cb-4559-b2e2-b5f800fc8eef	CNS-GBM	MT	6691	G	-A
1adb05d4-e1ca-4ede-81c7-ff24a243abae	Kidney-RCC	MT	6691	G	-A
56403463-1727-4c23-a709-de5f168c4073	Liver-HCC	MT	6691	G	-A
8153a862-0790-4a33-80db-ed47fedcd4ef	Liver-HCC	MT	6691	G	-A
ICGC_0063	Panc-AdenoCA	MT	6691	G	-A
ICGC_0143	Panc-AdenoCA	MT	6691	G	-A
CPCG0184	Prost-AdenoCA	MT	6691	G	-A
CPCG0365	Prost-AdenoCA	MT	6691	G	-A
C0081	Kidney-RCC	MT	6691	G	-A
4c325ee1-9b8e-45d4-a0a7-e47ec1eac402	Kidney-RCC	MT	6691	G	+A
A29-0017_CRUK_PC_0017	Prost-AdenoCA	MT	6698	A	-G
OSCC-GB_011701	Head-SCC	MT	6751	T	-AG
2d291fa3-f0fd-4bc1-91a6-783863714190	Stomach-AdenoCA	MT	6844	T	-C
6fa41234-9077-4d05-a295-6820f3bedf5b	ColoRect-AdenoCA	MT	6997	T	-CGTACTACACGACA
cc353686-e2b6-46a1-8095-48e2bc44b11f	Kidney-RCC	MT	7051	T	-AGG
9dc7812b-c7a2-4de4-bf6d-4c7261384a62	Kidney-RCC	MT	7126	C	-CTA
RK245	Liver-HCC	MT	7192	T	-TCTCGGCCTA
OCCAMS-PS-008	Eso-AdenoCA	MT	7342	G	+A
ICGC_0303	Panc-AdenoCA	MT	7396	G	-C
8e00e7e7-ffaf-44f0-91a7-172671f18e08	ColoRect-AdenoCA	MT	7396	G	-C
PCSI_0256	Panc-AdenoCA	MT	7396	G	-C
PCSI_0300	Panc-AdenoCA	MT	7396	G	-C
PCSI_0472	Panc-AdenoCA	MT	7396	G	-C
9938ce5c-e74e-446e-a932-f096f85cc3b1	Breast-AdenoCA	MT	7396	G	+C
9f45a227-1fd5-478c-a194-4a5c61b68cc3	ColoRect-AdenoCA	MT	7396	G	+C
PCSI_0356	Panc-AdenoCA	MT	7396	G	+C
e5e4d3b6-8e58-4dcf-8f67-a00e656a8e27	Prost-AdenoCA	MT	7396	G	+C
335d0351-3740-4847-9ff4-be2f078c70f7	ColoRect-AdenoCA	MT	7396	G	+C
RK111	Liver-HCC	MT	7396	G	+CC
PCSI_0145	Panc-AdenoCA	MT	7435	T	-A
03f3dd32-e1d1-485b-a968-3f55798f4d46	Kidney-ChRCC	MT	7446	C	-A
da61857a-b00e-4a19-ab02-8fbb2ee56bea	Lung-SCC	MT	7446	C	-A
PCSI_0217	Panc-AdenoCA	MT	7449	A	+T
CGP_donor_1397077	Bone-Osteosarc	MT	7465	A	+C
CGP_donor_1691147	Bone-Osteosarc	MT	7465	A	+C
18eb4dfc-556f-4bf3-a411-4780209ed1e0	Breast-AdenoCA	MT	7465	A	+C
49717f75-0f2d-4e1c-9a12-f1cd7877b80a	Breast-AdenoCA	MT	7465	A	+C
CGP_donor_1199138	Breast-AdenoCA	MT	7465	A	+C
CGP_donor_1234123	Breast-AdenoCA	MT	7465	A	+C
d2f2560c-ec80-4fea-9474-c47a2e85ea95	Breast-AdenoCA	MT	7465	A	+C
36eaf209-c332-4321-b6aa-51a3368ecd79	ColoRect-AdenoCA	MT	7465	A	+C
7b47489f-c3cc-4388-b5d7-c7c02790a5f6	ColoRect-AdenoCA	MT	7465	A	+C
OCCAMS-AH-088	Eso-AdenoCA	MT	7465	A	+C
CGP_donor_GC00048	Stomach-AdenoCA	MT	7465	A	+C
eaf674dd-9909-4879-b9a3-74253169eddd	Head-SCC	MT	7465	A	+C
AOCS-153	Ovary-AdenoCA	MT	7465	A	+C
eeb9d147-608d-4692-8adf-2f601d23a8ff	Ovary-AdenoCA	MT	7465	A	+C
0006_CRUK_PC_0006	Prost-AdenoCA	MT	7465	A	+C
OCCAMS-AH-197	Eso-AdenoCA	MT	7465	A	+C
OCCAMS-ZZ-016	Eso-AdenoCA	MT	7465	A	+C
CPCG0081	Prost-AdenoCA	MT	7465	A	+C
C0039	Kidney-RCC	MT	7465	A	+C
63b01b43-a68a-4046-89b0-736ba4d08504	Thy-AdenoCA	MT	7471	C	-A
ICGC_0433	Panc-Endocrine	MT	7537	T	-TCA
0ff6364a-e6f4-47ca-a7e7-14705bf0a8df	Liver-HCC	MT	7629	C	-T
cfc999aa-802e-4a0d-8b14-be2b19fa2a17	Kidney-RCC	MT	7653	T	-TCATGATCACGCCC
CPCG0410	Prost-AdenoCA	MT	7722	T	-CAC
CPCG0410	Prost-AdenoCA	MT	7725	C	+T
2cacd9d0-8414-4f17-8259-c9d838597f39	SoftTissue-Liposarc	MT	7974	C	+T
5c127332-5ca0-45f1-a5ac-4876ad94e491	Ovary-AdenoCA	MT	8151	C	-G
ICGC_MB131	CNS-Medullo	MT	8151	C	-G
CPCG0340	Prost-AdenoCA	MT	8151	C	-G
435	Lymph-CLL	MT	8151	C	+G
bfd20d71-18a5-4f01-8d56-84378ad92359	Liver-HCC	MT	8151	C	+G
OCCAMS-AH-047	Eso-AdenoCA	MT	8182	C	-TG
ICGC_0230	Panc-AdenoCA	MT	8182	C	-TG
9dc7812b-c7a2-4de4-bf6d-4c7261384a62	Kidney-RCC	MT	8194	C	-CA
RK064	Liver-HCC	MT	8270	C	-ACCCCCTCT
8aaa4e25-5c12-4ace-96dc-91aaa0c4457c	Kidney-RCC	MT	8270	C	+ACCCCCTCT
OCCAMS-ZZ-016	Eso-AdenoCA	MT	8280	A	-CCCCCTCTAGAG
HX17	Liver-HCC	MT	8341	A	+T
RK134	Liver-HCC	MT	8350	A	-CCT
c689ae1d-4a6b-45db-b4d1-6b34c5c61522	Kidney-ChRCC	MT	8367	T	-G
MELA-0202	Skin-Melanoma	MT	8490	T	-A
0082_CRUK_PC_0082	Prost-AdenoCA	MT	8564	C	+T
RK307	Biliary-AdenoCA	MT	8564	C	+T
PCSI_0403	Panc-AdenoCA	MT	8604	T	-C
6fa41234-9077-4d05-a295-6820f3bedf5b	ColoRect-AdenoCA	MT	8604	T	+C
a9d8f797-8a53-4be5-b957-0f1f6d080390	Thy-AdenoCA	MT	8604	T	+C
CPCG0345	Prost-AdenoCA	MT	8604	T	+C
AOCS-005	Ovary-AdenoCA	MT	8618	T	-C
0b4e8d73-459d-4930-9d1a-abb8d53e1844	Stomach-AdenoCA	MT	8618	T	-C
278	Lymph-CLL	MT	8640	C	-A
SNU_WGS_02	Myeloid-AML	MT	8703	C	-AT
PCSI_0334	Panc-AdenoCA	MT	8830	C	-TAG
fb9bafa5-7133-4955-8156-4eb6763dc8e1	Kidney-RCC	MT	8906	A	-CTT
PCSI_0228	Panc-AdenoCA	MT	9238	T	-A
OCCAMS-AH-143	Eso-AdenoCA	MT	9238	T	-A
CPCG0262	Prost-AdenoCA	MT	9244	C	-CAGCCCATGACCCCTAACAGGGGCCCTCT
RK183	Liver-HCC	MT	9262	C	-A
c0892598-1f7b-4f23-9cd8-731f797753d5	Breast-AdenoCA	MT	9335	C	+AT
ICGC_0140	Panc-AdenoCA	MT	9435	A	+T
CGP_donor_1199131	Breast-AdenoCA	MT	9477	G	-T
CGP_donor_1337217	Breast-AdenoCA	MT	9477	G	-T
CGP_donor_1363963	Breast-AdenoCA	MT	9477	G	-T
17833039-0d7e-47f0-90e6-8cabae94c124	Liver-HCC	MT	9477	G	-T
e2b33861-2247-413f-b2e5-9be3b604666c	Prost-AdenoCA	MT	9477	G	-T
e2d395f8-bf13-4fe4-8031-683b0eedd875	ColoRect-AdenoCA	MT	9531	A	-C
9f6be944-83de-42ab-8738-f0022f475e61	Breast-AdenoCA	MT	9531	A	+C
7d8eab0a-e6c8-4449-9ebf-50c41db94a06	ColoRect-AdenoCA	MT	9531	A	+C
OCCAMS-AH-047	Eso-AdenoCA	MT	9531	A	+C
cb99fb14-641c-4fb3-bf1d-17efb8cd982a	Head-SCC	MT	9531	A	+C
f030e410-2585-461e-ad23-9fdf026ac06c	Head-SCC	MT	9531	A	+C
4133263	Lymph-BNHL	MT	9531	A	+C
OSCC-GB_012501	Head-SCC	MT	9531	A	+C
f34aa3b6-e966-49c6-bc55-130545772c53	Ovary-AdenoCA	MT	9531	A	+C
PCSI_0082	Panc-AdenoCA	MT	9531	A	+C
PCSI_0227	Panc-AdenoCA	MT	9531	A	+C
ICGC_MB8	CNS-Medullo	MT	9531	A	+C
EOPC-037	Prost-AdenoCA	MT	9531	A	+C
RK176	Liver-HCC	MT	9531	A	+C
61eb08d0-ea01-45e7-884b-ac3d6070172a	Cervix-AdenoCA	MT	9531	A	+CC
RK229	Liver-HCC	MT	9848	C	-CTCA
25e893ad-a0fd-45ae-9aa9-9bcd7c2ec8e5	Liver-HCC	MT	9891	T	-C
da61857a-b00e-4a19-ab02-8fbb2ee56bea	Lung-SCC	MT	10017	A	+ACTT
RK153	Liver-HCC	MT	10047	C	-A
c0892598-1f7b-4f23-9cd8-731f797753d5	Breast-AdenoCA	MT	10106	A	-C
CPCG0375	Prost-AdenoCA	MT	10155	A	+T
4fe004e5-49f9-4336-a690-6ebad512c813	Prost-AdenoCA	MT	10165	C	+T
CPCG0199	Prost-AdenoCA	MT	10190	A	+T
750770db-53cf-4021-a8c2-5e0ddb97fef5	ColoRect-AdenoCA	MT	10191	T	-C
f947b0bc-bdac-44e8-b5b9-ffae4147740a	Prost-AdenoCA	MT	10191	T	-C
257dc623-41e1-4fa3-859c-c787db10bd60	SoftTissue-Leiomyo	MT	10207	C	-T
4e4faf51-2cbf-4910-a093-186660e4a19b	Kidney-ChRCC	MT	10224	T	-TC
HX35	Liver-HCC	MT	10382	A	+T
PCSI_0081	Panc-AdenoCA	MT	10468	A	+T
CPCG0341	Prost-AdenoCA	MT	10476	C	-T
24118b8f-59fe-482a-aed3-7b1bde1571b7	Uterus-AdenoCA	MT	10484	C	-AT
RK126	Liver-HCC	MT	10489	A	-TAT
RK072	Liver-HCC	MT	10581	C	-TATCGCTGTTCAT
RK198	Liver-HCC	MT	10746	C	+T
84569c1a-6baa-4380-ae3c-707df1be4618	CNS-Oligo	MT	10756	T	-C
RK215	Liver-HCC	MT	10818	A	-AC
ICGC_MB82	CNS-Medullo	MT	10869	T	+C
395babb3-3f5d-4e71-a675-af4443f23028	Lung-SCC	MT	10879	A	-T
RK076	Liver-HCC	MT	10921	A	-ACCTTTTCCTCCG
OCCAMS-QE-095	Eso-AdenoCA	MT	10924	C	-T
RK091	Liver-HCC	MT	10940	C	-T
RK099	Liver-HCC	MT	10940	C	-T
b5e2cbda-bbfa-4ef8-a9c4-cb978bef9b23	Lung-SCC	MT	10945	A	+C
30a82e9f-2a2d-4a66-bdb1-26b881c21d01	Stomach-AdenoCA	MT	10946	A	-C
ca554128-da9d-4f37-9560-ca083509e01d	Bladder-TCC	MT	10946	A	+C
88db1340-e4bf-451a-87c0-6e9168296f5e	Breast-AdenoCA	MT	10946	A	+C
CGP_donor_1234120	Breast-LobularCA	MT	10946	A	+C
d67cd793-2931-429a-9084-2f3c4c8be7ad	Breast-AdenoCA	MT	10946	A	+C
e9f4f373-37a5-48ad-a1a0-b0d47820111a	Breast-AdenoCA	MT	10946	A	+C
bfb07784-693b-4c25-874e-4ad6e04a5d46	ColoRect-AdenoCA	MT	10946	A	+C
df5ab6cc-6f68-4b6b-95e2-954c6b57ba9c	ColoRect-AdenoCA	MT	10946	A	+C
OCCAMS-ED-041	Eso-AdenoCA	MT	10946	A	+C
21fb46f9-4bbb-441c-af19-a687e9138344	Lung-AdenoCA	MT	10946	A	+C
a3de401d-91fe-49a2-bb07-81c1a06506e6	Lung-AdenoCA	MT	10946	A	+C
b5e2cbda-bbfa-4ef8-a9c4-cb978bef9b23	Lung-SCC	MT	10946	A	+C
ICGC_0417	Panc-AdenoCA	MT	10946	A	+C
ICGC_0427	Panc-Endocrine	MT	10946	A	+C
0082_CRUK_PC_0082	Prost-AdenoCA	MT	10946	A	+C
cfdd2155-57a9-499c-92e1-fb82b577b050	Thy-AdenoCA	MT	10946	A	+C
e1ff7694-64e1-47ed-b0d8-34acfb4ffef1	Thy-AdenoCA	MT	10946	A	+C
45d58088-d3f4-4eb0-b75c-bcb98c0981dc	Uterus-AdenoCA	MT	10946	A	+C
7b9947d5-e86b-4006-8890-ea5209584a88	Uterus-AdenoCA	MT	10946	A	+C
RK144	Liver-HCC	MT	10946	A	+C
PCSI_0287	Panc-AdenoCA	MT	10946	A	+C
PCSI_0467	Panc-AdenoCA	MT	10946	A	+C
PCSI_0531	Panc-AdenoCA	MT	10946	A	+C
CPCG0355	Prost-AdenoCA	MT	10946	A	+C
fb66b7f5-22ca-4d4d-97c2-30e6edfff781	Cervix-SCC	MT	10946	A	+CCC
BTCA_donor_Z2403	Biliary-AdenoCA	MT	10952	C	-T
C0016	Kidney-RCC	MT	10954	C	-CTA
RK196	Liver-HCC	MT	10982	C	-T
CGP_donor_1437419	Bone-Benign	MT	11031	G	-A
c364e81c-eb1e-4870-ab37-9c661f5f2e3d	Breast-AdenoCA	MT	11031	G	-A
CGP_donor_1503143	Breast-AdenoCA	MT	11031	G	-A
OCCAMS-AH-085	Eso-AdenoCA	MT	11031	G	-A
CGP_donor_GC00027	Stomach-AdenoCA	MT	11031	G	-A
f31ba8ec-a3dd-4dd8-8d15-f6c5975ebe44	Kidney-ChRCC	MT	11031	G	-A
0c151271-2cf9-43f4-9e9b-fe927de43131	Kidney-RCC	MT	11031	G	-A
36b46540-472f-4a4d-a801-b8b6ae660dc9	Kidney-RCC	MT	11031	G	-A
45bdcfd6-1e3f-4be8-b843-ae949e8e43eb	Kidney-RCC	MT	11031	G	-A
8b3c068d-5090-4030-8e7e-39da005dee79	Kidney-RCC	MT	11031	G	-A
RK084	Liver-HCC	MT	11031	G	-A
c2598334-f866-4cc3-93ec-2d2e8b85d319	Lung-SCC	MT	11031	G	-A
66c92b9e-de3c-4d1a-bb69-46ffbc6caf33	Ovary-AdenoCA	MT	11031	G	-A
AOCS-120	Ovary-AdenoCA	MT	11031	G	-A
PCSI_0080	Panc-AdenoCA	MT	11031	G	-A
ICGC_0432	Panc-Endocrine	MT	11031	G	-A
ICGC_0449	Panc-Endocrine	MT	11031	G	-A
ICGC_MB224	CNS-Medullo	MT	11031	G	-A
ICGC_MB92	CNS-Medullo	MT	11031	G	-A
0064_CRUK_PC_0064	Prost-AdenoCA	MT	11031	G	-A
a09d0be0-fd41-4b30-b488-9a9f2abef8e7	Thy-AdenoCA	MT	11031	G	-A
cfdd2155-57a9-499c-92e1-fb82b577b050	Thy-AdenoCA	MT	11031	G	-A
f9cf605f-f287-4eba-8e8f-8ba47e14ecc4	Thy-AdenoCA	MT	11031	G	-A
OCCAMS-AH-011	Eso-AdenoCA	MT	11031	G	-A
RK026	Liver-HCC	MT	11031	G	-A
RK304	Liver-HCC	MT	11031	G	-A
PCSI_0235	Panc-AdenoCA	MT	11031	G	-A
PCSI_0250	Panc-AdenoCA	MT	11031	G	-A
CPCG0124	Prost-AdenoCA	MT	11031	G	-A
CPCG0331	Prost-AdenoCA	MT	11031	G	-A
CPCG0372	Prost-AdenoCA	MT	11031	G	-A
C0015	Kidney-RCC	MT	11031	G	-A
CHC429	Liver-HCC	MT	11051	A	-TACTAATCTCCC
9dc7812b-c7a2-4de4-bf6d-4c7261384a62	Kidney-RCC	MT	11130	C	-CA
d80f601b-1064-4ff0-9c51-7f6afb22d1f5	Kidney-RCC	MT	11175	A	-GCCAGAAC
PCSI_0324	Panc-AdenoCA	MT	11248	A	-CT
145	Lymph-CLL	MT	11255	T	-AC
CGP_donor_1500976	Myeloid-AML	MT	11255	T	-AC
RK236	Liver-HCC	MT	11373	T	-A
ICGC_0025	Panc-AdenoCA	MT	11426	G	+C
9f5c0a43-d222-484a-9249-d288387dd7a1	Kidney-RCC	MT	11516	C	-T
RK265	Liver-HCC	MT	11516	C	-T
925ae8ff-3200-4564-be76-94db0984b027	Kidney-RCC	MT	11598	C	-AG
df576520-a6b6-4c9b-8d06-3f59cc5342fd	Lung-AdenoCA	MT	11847	G	-CCTCGCTAA
CGP_donor_1691131	Bone-Epith	MT	11866	A	-C
RK030	Liver-HCC	MT	11866	A	-C
PCSI_0338	Panc-AdenoCA	MT	11866	A	-C
PCSI_0375	Panc-AdenoCA	MT	11866	A	-C
0064_CRUK_PC_0064	Prost-AdenoCA	MT	11866	A	-C
RK096	Liver-HCC	MT	11866	A	-C
RK136	Liver-HCC	MT	11866	A	-C
CPCG0238	Prost-AdenoCA	MT	11866	A	-C
CPCG0353	Prost-AdenoCA	MT	11866	A	-C
C0016	Kidney-RCC	MT	11866	A	-C
3ed614e7-f356-4d87-985b-d3bbbae3bb40	Bladder-TCC	MT	11866	A	+C
CGP_donor_1691212	Bone-Osteosarc	MT	11866	A	+C
3fc3755d-a3f8-4e2c-813f-ff124f2a75c1	Breast-AdenoCA	MT	11866	A	+C
CGP_donor_1187030	Breast-AdenoCA	MT	11866	A	+C
CGP_donor_1199129	Breast-AdenoCA	MT	11866	A	+C
CGP_donor_1199131	Breast-AdenoCA	MT	11866	A	+C
CGP_donor_1230724	Breast-LobularCA	MT	11866	A	+C
CGP_donor_1397279	Breast-AdenoCA	MT	11866	A	+C
9c45eaec-d854-4f51-80a3-2d80d6b4aebc	ColoRect-AdenoCA	MT	11866	A	+C
EOPC-056	Prost-AdenoCA	MT	11866	A	+C
e4245fff-1281-40e5-87b4-4e42a18a3a63	Kidney-RCC	MT	11866	A	+C
RK077	Liver-HCC	MT	11866	A	+C
1f11de87-a5fe-49fd-80c1-e279b2bc69de	Lung-SCC	MT	11866	A	+C
AOCS-116	Ovary-AdenoCA	MT	11866	A	+C
AOCS-165	Ovary-AdenoCA	MT	11866	A	+C
ICGC_0059	Panc-AdenoCA	MT	11866	A	+C
ICGC_0521	Panc-AdenoCA	MT	11866	A	+C
PCSI_0264	Panc-AdenoCA	MT	11866	A	+C
ICGC_MB106	CNS-Medullo	MT	11866	A	+C
6845076e-e940-4437-8618-81db4a447544	Prost-AdenoCA	MT	11866	A	+C
d40c99d0-79f6-499d-b7f1-5fc4237cfc57	SoftTissue-Leiomyo	MT	11866	A	+C
0c50a2c2-1d4c-45ca-9127-f96d4db18daf	Thy-AdenoCA	MT	11866	A	+C
7746be87-7ad0-48a7-84fb-08a81b220bdb	Thy-AdenoCA	MT	11866	A	+C
5c22c8d6-5805-455c-8e1c-e6b8006738e4	Uterus-AdenoCA	MT	11866	A	+C
71fed998-8fac-4e6b-b38a-22c83e05e958	Uterus-AdenoCA	MT	11866	A	+C
95e6d327-9ab7-45de-9527-f5634b3995c3	Uterus-AdenoCA	MT	11866	A	+C
BTCA_donor_B070	Biliary-AdenoCA	MT	11866	A	+C
OCCAMS-AH-086	Eso-AdenoCA	MT	11866	A	+C
RK283	Liver-HCC	MT	11866	A	+C
CPCG0184	Prost-AdenoCA	MT	11866	A	+C
CPCG0190	Prost-AdenoCA	MT	11866	A	+C
CPCG0346	Prost-AdenoCA	MT	11866	A	+C
C0080	Kidney-RCC	MT	11866	A	+C
bfb07784-693b-4c25-874e-4ad6e04a5d46	ColoRect-AdenoCA	MT	11866	A	+CC
PCSI_0078	Panc-AdenoCA	MT	11866	A	+CC
PCSI_0463	Panc-AdenoCA	MT	11866	A	+CC
RK110	Liver-HCC	MT	11876	A	+T
cfdd2155-57a9-499c-92e1-fb82b577b050	Thy-AdenoCA	MT	11893	A	-CT
CGP_donor_1691131	Bone-Epith	MT	11958	T	-A
9dc7812b-c7a2-4de4-bf6d-4c7261384a62	Kidney-RCC	MT	12011	T	-CA
RK223	Liver-HCC	MT	12039	A	-ACCCTCATTCACACGAGAAAAC
C0039	Kidney-RCC	MT	12039	A	-ACCCTCATTCACACGAGAAAAC
CGP_donor_1437405	Bone-Osteosarc	MT	12083	T	-C
296	Lymph-CLL	MT	12382	A	+T
80c4fc5b-dc7d-4308-8c81-6e83625963b5	Kidney-RCC	MT	12382	A	+T
CPCG0355	Prost-AdenoCA	MT	12382	A	+T
CGP_donor_1347723	Breast-AdenoCA	MT	12384	T	-C
d2f2560c-ec80-4fea-9474-c47a2e85ea95	Breast-AdenoCA	MT	12384	T	-C
CGP_donor_GC00031	Stomach-AdenoCA	MT	12384	T	-C
9680b5ff-1882-434f-9981-e8ac33764b93	Kidney-ChRCC	MT	12384	T	-C
RK035	Liver-HCC	MT	12384	T	-C
ICGC_0140	Panc-AdenoCA	MT	12384	T	-C
PCSI_0305	Panc-AdenoCA	MT	12384	T	-C
PCSI_0354	Panc-AdenoCA	MT	12384	T	-C
ITNET-1265	Panc-Endocrine	MT	12384	T	-C
ICGC_PA96	CNS-PiloAstro	MT	12384	T	-C
9af35239-ffb9-4d4f-889e-f743da271eef	ColoRect-AdenoCA	MT	12384	T	-C
RK143	Liver-HCC	MT	12384	T	-C
PCSI_0208	Panc-AdenoCA	MT	12384	T	-C
PCSI_0280	Panc-AdenoCA	MT	12384	T	-C
CGP_donor_1353432	Breast-AdenoCA	MT	12384	T	+C
EOPC-053	Prost-AdenoCA	MT	12384	T	+C
OCCAMS-AH-160	Eso-AdenoCA	MT	12384	T	+C
cc316faf-dcb1-4dea-b8b0-a17d000ff40f	Kidney-ChRCC	MT	12384	T	+C
577847b9-f9b6-4954-868f-3d5ab2b4f694	Kidney-RCC	MT	12384	T	+C
4177987	Lymph-BNHL	MT	12384	T	+C
5e18b17d-4626-4b6d-8ac6-e560cee0376c	Ovary-AdenoCA	MT	12384	T	+C
OCCAMS-AH-174	Eso-AdenoCA	MT	12384	T	+C
RK004	Liver-HCC	MT	12384	T	+C
RK227	Liver-HCC	MT	12384	T	+C
RK283	Liver-HCC	MT	12384	T	+C
CPCG0183	Prost-AdenoCA	MT	12384	T	+C
457cca7c-a8b4-414e-a3c0-7fccf0ee2034	Liver-HCC	MT	12393	C	-CTTACCACCCTCGTT
CGP_donor_1691148	Bone-Osteosarc	MT	12417	C	-A
CGP_donor_1691151	Bone-Benign	MT	12417	C	-A
5d8ed961-a012-4b6b-bffb-9468d3953646	Breast-LobularCA	MT	12417	C	-A
a512701f-88bb-4b05-8c94-fd285b9dd13e	ColoRect-AdenoCA	MT	12417	C	-A
EOPC-054	Prost-AdenoCA	MT	12417	C	-A
OCCAMS-AH-036	Eso-AdenoCA	MT	12417	C	-A
CGP_donor_GC00020	Stomach-AdenoCA	MT	12417	C	-A
8da3103e-3e6c-4176-a583-d5fe5e60601e	CNS-GBM	MT	12417	C	-A
072507cf-1249-4b28-86d4-3ab97822a74c	Kidney-RCC	MT	12417	C	-A
2c084454-18e9-4837-9bba-7e91a73a48e0	Kidney-RCC	MT	12417	C	-A
36b46540-472f-4a4d-a801-b8b6ae660dc9	Kidney-RCC	MT	12417	C	-A
a40beabe-496e-4324-a1d1-5a7d8b002aab	Kidney-RCC	MT	12417	C	-A
d80f601b-1064-4ff0-9c51-7f6afb22d1f5	Kidney-RCC	MT	12417	C	-A
CHC429	Liver-HCC	MT	12417	C	-A
25e893ad-a0fd-45ae-9aa9-9bcd7c2ec8e5	Liver-HCC	MT	12417	C	-A
RK074	Liver-HCC	MT	12417	C	-A
7ca97692-0bf5-4bbd-81ce-10a051d04bd5	Ovary-AdenoCA	MT	12417	C	-A
AOCS-112	Ovary-AdenoCA	MT	12417	C	-A
AOCS-150	Ovary-AdenoCA	MT	12417	C	-A
ICGC_0103	Panc-AdenoCA	MT	12417	C	-A
dc40cf49-b208-4f59-b5f0-cfbdd02970b2	Prost-AdenoCA	MT	12417	C	-A
1e1cdf72-820f-48a4-8fb6-89575d07cde9	Stomach-AdenoCA	MT	12417	C	-A
a587e62e-430e-4f1b-82b7-6fbe856fdaf1	Uterus-AdenoCA	MT	12417	C	-A
de4e13c8-5ad0-46d2-ae54-b9ca22b939d8	Uterus-AdenoCA	MT	12417	C	-A
EOPC-035	Prost-AdenoCA	MT	12417	C	-A
OCCAMS-AH-071	Eso-AdenoCA	MT	12417	C	-A
RK047	Liver-HCC	MT	12417	C	-A
RK081	Liver-HCC	MT	12417	C	-A
RK176	Liver-HCC	MT	12417	C	-A
RK202	Liver-HCC	MT	12417	C	-A
ICGC_0441	Panc-Endocrine	MT	12417	C	-A
CPCG0046	Prost-AdenoCA	MT	12417	C	-A
C0030	Kidney-RCC	MT	12417	C	-A
C0038	Kidney-RCC	MT	12417	C	-A
C0073	Kidney-RCC	MT	12417	C	-A
CGP_donor_1199131	Breast-AdenoCA	MT	12417	C	+A
CGP_donor_1337222	Breast-AdenoCA	MT	12417	C	+A
BTCA_donor_B083	Biliary-AdenoCA	MT	12417	C	+A
EOPC-017	Prost-AdenoCA	MT	12417	C	+A
OCCAMS-AH-047	Eso-AdenoCA	MT	12417	C	+A
OCCAMS-SH-020	Eso-AdenoCA	MT	12417	C	+A
7de19081-d5fd-468c-ad0d-f6e3e8b2ad70	Head-SCC	MT	12417	C	+A
8c238d30-df8e-4e6b-98fc-21696269a294	Head-SCC	MT	12417	C	+A
dc04b82c-e1e8-4917-ba19-c2fea4a1b69a	Kidney-ChRCC	MT	12417	C	+A
71b35cd8-ecee-4599-bb24-b1ef78118423	Kidney-RCC	MT	12417	C	+A
e58e8850-154f-4695-bee0-005c76410327	Lung-SCC	MT	12417	C	+A
4101316	Lymph-BNHL	MT	12417	C	+A
4134434	Lymph-BNHL	MT	12417	C	+A
4199714	Lymph-BNHL	MT	12417	C	+A
AOCS-080	Ovary-AdenoCA	MT	12417	C	+A
AOCS-111	Ovary-AdenoCA	MT	12417	C	+A
ICGC_0059	Panc-AdenoCA	MT	12417	C	+A
ICGC_0412	Panc-AdenoCA	MT	12417	C	+A
PCSI_0046	Panc-AdenoCA	MT	12417	C	+A
PCSI_0261	Panc-AdenoCA	MT	12417	C	+A
ICGC_MB168	CNS-Medullo	MT	12417	C	+A
ICGC_MB26	CNS-Medullo	MT	12417	C	+A
ICGC_MB45	CNS-Medullo	MT	12417	C	+A
ICGC_MB88	CNS-Medullo	MT	12417	C	+A
1388bba1-02ba-40df-93e5-c3d58b7bbae0	ColoRect-AdenoCA	MT	12417	C	+A
8feb0e8f-d09b-437d-8651-0cdecfe776bf	ColoRect-AdenoCA	MT	12417	C	+A
9af35239-ffb9-4d4f-889e-f743da271eef	ColoRect-AdenoCA	MT	12417	C	+A
3fea3f02-2db3-44e0-984e-c61130d92c9b	Skin-Melanoma	MT	12417	C	+A
8fccff71-3710-4cb9-b8af-61707aebe5d8	Stomach-AdenoCA	MT	12417	C	+A
b2e2d35c-7a79-4165-97a5-82d5c37d94f2	Stomach-AdenoCA	MT	12417	C	+A
4aed5116-d27b-4911-b310-05c2248b861f	Thy-AdenoCA	MT	12417	C	+A
45d58088-d3f4-4eb0-b75c-bcb98c0981dc	Uterus-AdenoCA	MT	12417	C	+A
fba80122-d8b2-4d8d-a032-9767e8160f9f	Uterus-AdenoCA	MT	12417	C	+A
OCCAMS-AH-011	Eso-AdenoCA	MT	12417	C	+A
OCCAMS-AH-146	Eso-AdenoCA	MT	12417	C	+A
RK121	Liver-HCC	MT	12417	C	+A
RK280	Liver-HCC	MT	12417	C	+A
ICGC_0143	Panc-AdenoCA	MT	12417	C	+A
PCSI_0015	Panc-AdenoCA	MT	12417	C	+A
CPCG0331	Prost-AdenoCA	MT	12417	C	+A
PCSI_0145	Panc-AdenoCA	MT	12417	C	+AA
OCCAMS-ZZ-019	Eso-AdenoCA	MT	12417	C	+AA
RK303	Biliary-AdenoCA	MT	12431	A	-C
fe45eaee-ff0c-4d52-b18c-04dc2d64d3b4	Stomach-AdenoCA	MT	12703	A	-T
PCSI_0084	Panc-AdenoCA	MT	12967	A	+C
1200c8b7-a058-4c01-bbe2-04ec09a65245	Uterus-AdenoCA	MT	12989	T	-AGC
71fed998-8fac-4e6b-b38a-22c83e05e958	Uterus-AdenoCA	MT	13051	G	-GCCCCACCCCAGTCTCA
e303b8c4-6428-4134-bb9d-a95dc1d8e35e	Head-SCC	MT	13057	A	-C
af1111af-9384-4e37-9b16-227d38007ebd	Kidney-ChRCC	MT	13057	A	-C
a5af1391-89d3-4f41-930e-7e8272afec98	Kidney-ChRCC	MT	13127	A	-C
dfa15fbe-bb14-40ce-afc6-70694112e3e2	Liver-HCC	MT	13127	A	+C
f8c0a69c-df53-4a0a-a30e-4424c0ce3dd5	Bladder-TCC	MT	13132	C	-T
795	Lymph-CLL	MT	13168	C	-TA
OCCAMS-PS-002	Eso-AdenoCA	MT	13192	C	-TG
PCSI_0468	Panc-AdenoCA	MT	13192	C	-TG
f1c1502e-1bd6-425a-b651-454363809668	Kidney-ChRCC	MT	13230	C	-A
f31ba8ec-a3dd-4dd8-8d15-f6c5975ebe44	Kidney-ChRCC	MT	13230	C	-A
30b8f4cd-9245-4496-a8a8-c3e59093bc0a	Ovary-AdenoCA	MT	13230	C	-A
PCSI_0173	Panc-AdenoCA	MT	13230	C	-A
ICGC_MB101	CNS-Medullo	MT	13230	C	-A
CGP_donor_1187025	Breast-AdenoCA	MT	13230	C	-A
RK130	Liver-HCC	MT	13230	C	-A
CGP_donor_1503150	Breast-AdenoCA	MT	13230	C	+A
b913d254-8307-4b8a-8313-d978e32bb38f	Lung-SCC	MT	13230	C	+A
PCSI_0301	Panc-AdenoCA	MT	13230	C	+A
268c01b3-d2ce-44c0-a2fe-ea846a1253cc	ColoRect-AdenoCA	MT	13235	A	+T
RK106	Liver-HCC	MT	13240	G	+T
ICGC_0115	Panc-AdenoCA	MT	13379	A	+G
RK164	Liver-HCC	MT	13410	A	+T
0007_CRUK_PC_0007	Prost-AdenoCA	MT	13482	A	+T
9c274536-3ca1-4f0e-93a8-1688074d862f	Bladder-TCC	MT	13676	A	+C
OCCAMS-AH-088	Eso-AdenoCA	MT	13676	A	+C
OCCAMS-AH-088	Eso-AdenoCA	MT	13680	C	-A
PCSI_0019	Panc-AdenoCA	MT	13709	C	-AGCCGGA
2f1c4db6-88a7-4a5d-a5fe-94d85f569440	Kidney-ChRCC	MT	13762	T	-C
CPCG0057	Prost-AdenoCA	MT	13770	C	-CAAACAACAATCCCCCTCT
OCCAMS-AH-197	Eso-AdenoCA	MT	13781	T	+C
ICGC_0224	Panc-AdenoCA	MT	13786	C	-T
PCSI_0146	Panc-AdenoCA	MT	13786	C	-T
9dc7812b-c7a2-4de4-bf6d-4c7261384a62	Kidney-RCC	MT	13816	A	-CT
d6f7afc0-1558-43ad-acb1-2b5311ed2264	Breast-AdenoCA	MT	13879	T	-C
BTCA_donor_Z2403	Biliary-AdenoCA	MT	13892	C	-ATTTT
CPCG0375	Prost-AdenoCA	MT	13984	C	-T
8d28f586-3de5-4033-a9fd-4f67be406fb4	Kidney-RCC	MT	14058	C	-ATCATCACCTCA
77bb90f0-e923-4e28-bb88-4d6b420e0b5c	Thy-AdenoCA	MT	14105	C	-TTTCTTCTT
OCCAMS-SH-020	Eso-AdenoCA	MT	14154	T	-C
PCSI_0354	Panc-AdenoCA	MT	14192	A	-AC
CPCG0249	Prost-AdenoCA	MT	14209	A	+ACT
872092b3-d31e-44d7-bd03-e29f52f8ab5a	Kidney-ChRCC	MT	14237	T	-AC
RK256	Liver-HCC	MT	14284	C	-T
a1e65587-24c1-4b41-92a7-4e1f15fffd78	Lung-AdenoCA	MT	14287	T	-CC
89791f8f-dc06-4a04-b166-afbfd6cf53de	Liver-HCC	MT	14339	A	-C
RK131	Liver-HCC	MT	14339	A	-C
925ae8ff-3200-4564-be76-94db0984b027	Kidney-RCC	MT	14349	A	-CT
71b35cd8-ecee-4599-bb24-b1ef78118423	Kidney-RCC	MT	14424	A	-C
0093_CRUK_PC_0093	Prost-AdenoCA	MT	14493	C	-T
OCCAMS-RS-031	Eso-AdenoCA	MT	14493	C	-T
CGP_donor_1347739	Breast-AdenoCA	MT	14503	T	-A
CGP_donor_GC00020	Stomach-AdenoCA	MT	14503	T	-A
925ae8ff-3200-4564-be76-94db0984b027	Kidney-RCC	MT	14503	T	-A
e4245fff-1281-40e5-87b4-4e42a18a3a63	Kidney-RCC	MT	14503	T	-A
PCSI_0340	Panc-AdenoCA	MT	14503	T	-A
97831d28-ab41-4c18-bfc2-c4c6bc757d13	Lung-AdenoCA	MT	14503	T	+A
4182393	Lymph-BNHL	MT	14503	T	+A
PCSI_0348	Panc-AdenoCA	MT	14503	T	+A
MELA-0232	Skin-Melanoma	MT	14503	T	+A
4e9d13da-438d-4b5e-8e86-67432b5e9471	Stomach-AdenoCA	MT	14530	T	-C
MELA-0187	Skin-Melanoma	MT	14584	T	-A
2ea84e23-6a0a-4c5d-9c70-d5355a85df35	Kidney-ChRCC	MT	14603	G	+C
EOPC-056	Prost-AdenoCA	MT	14603	G	+T
56d8a1b8-1268-4362-a7f1-77b76fbf1b59	Bladder-TCC	MT	14619	A	+C
739deed4-d1dc-458f-bd0f-1e24d2bfd305	Kidney-ChRCC	MT	14619	A	+C
9f5c0a43-d222-484a-9249-d288387dd7a1	Kidney-RCC	MT	14619	A	+C
1	Lymph-CLL	MT	14643	C	-CA
02979422-5149-4750-ad5f-483e0bec6ac5	Kidney-ChRCC	MT	14643	C	-CA
RK038	Liver-HCC	MT	14769	A	+C
ICGC_0139	Panc-AdenoCA	MT	14769	A	+C
fba80122-d8b2-4d8d-a032-9767e8160f9f	Uterus-AdenoCA	MT	14774	C	-T
PCSI_0103	Panc-AdenoCA	MT	14813	A	-C
CGP_donor_1374616	Breast-AdenoCA	MT	14891	C	-TA
3d1f4059-2220-45b4-a4d2-b14f76cec96a	Lung-SCC	MT	14923	C	-TCAACCGCCTTTTCA
AOCS-063	Ovary-AdenoCA	MT	14923	C	-TCAACCGCCTTTTCA
CPCG0185	Prost-AdenoCA	MT	14958	G	+T
f31ba8ec-a3dd-4dd8-8d15-f6c5975ebe44	Kidney-ChRCC	MT	15167	T	-GA
c7f1b389-aec7-4993-8afb-b7a56064f8fc	Liver-HCC	MT	15317	G	-CCCTAGCAA
RK306	Liver-HCC	MT	15438	G	-CTTACTTCT
3d2aa654-1b5f-4eb4-a1c2-af31f5760069	Lung-AdenoCA	MT	15540	C	-T
PCSI_0072	Panc-AdenoCA	MT	15540	C	-T
RK175	Liver-HCC	MT	15594	C	-CGTCCCTAACAAACTAGGAGG
acb80b76-2394-4250-8687-60e40e16e83b	Thy-AdenoCA	MT	15637	C	-ATCCTCATCCTAGCAATA
OCCAMS-PS-013	Eso-AdenoCA	MT	15642	T	-CATCCTAGCAATAATCCC
CGP_donor_1600818	Myeloid-MPN	MT	15933	G	-A
f15279dd-5d12-460b-9bd1-b4f95681ca65	Liver-HCC	MT	15969	C	-TTT
EOPC-049	Prost-AdenoCA	MT	15991	C	+T
BTCA_donor_Y140	Biliary-AdenoCA	MT	16021	C	-TG
8a6d2ce3-cc57-451b-9b07-8263782aa23f	Ovary-AdenoCA	MT	16161	T	-A
86b82345-6f4d-44fd-a9db-6f107de62f53	Thy-AdenoCA	MT	16166	A	+C
HX32	Liver-HCC	MT	16166	A	+C
RK030	Liver-HCC	MT	16179	C	-A
RK181	Liver-HCC	MT	16179	C	-A
0398eae1-7216-4595-80a5-6b117d96e070	Lung-SCC	MT	16179	C	-A
4166706	Lymph-BNHL	MT	16179	C	-A
7ca97692-0bf5-4bbd-81ce-10a051d04bd5	Ovary-AdenoCA	MT	16179	C	-A
AOCS-055	Ovary-AdenoCA	MT	16179	C	-A
AOCS-120	Ovary-AdenoCA	MT	16179	C	-A
ICGC_MB20	CNS-Medullo	MT	16179	C	-A
RK083	Liver-HCC	MT	16179	C	-A
RK225	Liver-HCC	MT	16179	C	-A
RK228	Liver-HCC	MT	16179	C	-A
RK235	Liver-HCC	MT	16179	C	-A
RK237	Liver-HCC	MT	16179	C	-A
MELA-0259	Skin-Melanoma	MT	16179	C	-A
PCSI_0001	Panc-AdenoCA	MT	16179	C	-A
PCSI_0218	Panc-AdenoCA	MT	16179	C	-A
PCSI_0572	Panc-AdenoCA	MT	16179	C	-A
CPCG0256	Prost-AdenoCA	MT	16179	C	-A
83b3060c-2449-4581-88ef-817d126e4525	Kidney-ChRCC	MT	16179	C	+A
RK202	Liver-HCC	MT	16181	A	+C
CPCG0414	Prost-AdenoCA	MT	16181	A	+C
3d2aa654-1b5f-4eb4-a1c2-af31f5760069	Lung-AdenoCA	MT	16182	A	+C
0398eae1-7216-4595-80a5-6b117d96e070	Lung-SCC	MT	16182	A	+C
4166706	Lymph-BNHL	MT	16182	A	+C
7ca97692-0bf5-4bbd-81ce-10a051d04bd5	Ovary-AdenoCA	MT	16182	A	+C
PCSI_0218	Panc-AdenoCA	MT	16182	A	+C
CGP_donor_1333048	Breast-AdenoCA	MT	16183	A	+C
CGP_donor_1337223	Breast-AdenoCA	MT	16183	A	+C
CGP_donor_GC00038	Stomach-AdenoCA	MT	16183	A	+C
CGP_donor_GC00039	Stomach-AdenoCA	MT	16183	A	+C
b913d254-8307-4b8a-8313-d978e32bb38f	Lung-SCC	MT	16183	A	+C
AOCS-059	Ovary-AdenoCA	MT	16183	A	+C
072507cf-1249-4b28-86d4-3ab97822a74c	Kidney-RCC	MT	16183	A	-CC
MELA-0174	Skin-Melanoma	MT	16183	A	+CC
4175837	Lymph-BNHL	MT	16183	A	-CCC
d8eac750-9daf-4465-b672-9e31fd369057	Skin-Melanoma	MT	16184	C	+CT
4175837	Lymph-BNHL	MT	16185	C	+T
d8eac750-9daf-4465-b672-9e31fd369057	Skin-Melanoma	MT	16185	C	+T
5d1d00c6-fcae-479e-ae1e-de76efd41d98	Breast-AdenoCA	MT	16186	C	+T
c364e81c-eb1e-4870-ab37-9c661f5f2e3d	Breast-AdenoCA	MT	16187	C	-CT
69d56f2d-6924-409b-9d1e-c8d69b400270	CNS-GBM	MT	16187	C	-CT
4b2ec8aa-8460-440e-b75b-6b92ae7a3ffc	Kidney-RCC	MT	16187	C	-CT
6a6c1569-1045-4ed3-acdb-5c45e47614ca	Kidney-RCC	MT	16187	C	-CT
71b35cd8-ecee-4599-bb24-b1ef78118423	Kidney-RCC	MT	16187	C	-CT
78412f82-cc55-43d5-96ca-1d02cf957725	Kidney-RCC	MT	16187	C	-CT
e4245fff-1281-40e5-87b4-4e42a18a3a63	Kidney-RCC	MT	16187	C	-CT
afb00cd4-e5da-4251-86fb-532c3f65324c	Thy-AdenoCA	MT	16187	C	-CT
ICGC_0141	Panc-AdenoCA	MT	16187	C	-CT
C0020	Kidney-RCC	MT	16187	C	-CT
C0021	Kidney-RCC	MT	16187	C	-CT
C0043	Kidney-RCC	MT	16187	C	-CT
C0046	Kidney-RCC	MT	16187	C	-CT
C0082	Kidney-RCC	MT	16187	C	-CT
04e9a63a-d742-488c-8564-bf9d79aa2091	Kidney-ChRCC	MT	16188	C	+A
CGP_donor_1333048	Breast-AdenoCA	MT	16188	C	-T
CGP_donor_1337223	Breast-AdenoCA	MT	16188	C	-T
CGP_donor_GC00039	Stomach-AdenoCA	MT	16188	C	-T
df135722-b98d-4dec-906d-77da13df39b9	Kidney-RCC	MT	16188	C	-T
e4245fff-1281-40e5-87b4-4e42a18a3a63	Kidney-RCC	MT	16188	C	-T
f0f7e57f-1e9d-4f24-a685-a0811aacbbed	Kidney-RCC	MT	16188	C	-T
AOCS-059	Ovary-AdenoCA	MT	16188	C	-T
ICGC_0497	Panc-Endocrine	MT	16188	C	-T
ICGC_PA103	CNS-PiloAstro	MT	16188	C	-T
C0073	Kidney-RCC	MT	16188	C	-T
MELA-0257	Skin-Melanoma	MT	16192	C	+T
5dd423e8-feaa-4568-a750-500948c41d6c	Breast-AdenoCA	MT	16193	C	-AT
CGP_donor_1397080	Bone-Osteosarc	MT	16263	T	+A
ICGC_0055	Panc-AdenoCA	MT	16263	T	+A
8a4da4f0-30f2-497e-8a7c-988fd6b813cb	Cervix-SCC	MT	16374	A	+C
397d3f69-1453-4057-b177-8723eec923d1	Lung-AdenoCA	MT	16479	T	+A
C0012	Kidney-RCC	MT	65	T	-G
C0056	Kidney-RCC	MT	65	T	-G
OCCAMS-AH-046	Eso-AdenoCA	MT	513	G	-CA
C0063	Kidney-RCC	MT	513	G	-CA
CPCG0334	Prost-AdenoCA	MT	513	G	+CA
OCCAMS-RS-028	Eso-AdenoCA	MT	2456	T	+A
CGP_donor_GC00022	Stomach-AdenoCA	MT	2977	G	-T
PCSI_0098	Panc-AdenoCA	MT	3565	A	+C
PCSI_0101	Panc-AdenoCA	MT	3565	A	+C
C0084	Kidney-RCC	MT	4604	C	-A
CGP_donor_GC00013	Stomach-AdenoCA	MT	4604	C	+A
C0026	Kidney-RCC	MT	4794	G	-C
CPCG0001	Prost-AdenoCA	MT	6168	G	+C
OCCAMS-AH-155	Eso-AdenoCA	MT	6289	A	+C
OCCAMS-AH-077	Eso-AdenoCA	MT	6844	T	-C
OCCAMS-AH-096	Eso-AdenoCA	MT	6997	T	-CGTACTACACGACA
OCCAMS-AH-096	Eso-AdenoCA	MT	7011	A	+T
C0065	Kidney-RCC	MT	8270	C	+ACCCCCTCT
PCSI_0253	Panc-AdenoCA	MT	9238	T	-A
OCCAMS-AH-077	Eso-AdenoCA	MT	9531	A	+C
CGP_donor_GC00005	Stomach-AdenoCA	MT	10448	T	-TA
OCCAMS-AH-042	Eso-AdenoCA	MT	10935	A	+C
C0066	Kidney-RCC	MT	10962	T	-A
PCSI_0253	Panc-AdenoCA	MT	11031	G	-A
PCSI_0469	Panc-AdenoCA	MT	11031	G	-A
OCCAMS-AH-064	Eso-AdenoCA	MT	11866	A	+C
OCCAMS-AH-155	Eso-AdenoCA	MT	11866	A	+C
OCCAMS-RS-010	Eso-AdenoCA	MT	11866	A	+C
PCSI_0253	Panc-AdenoCA	MT	11866	A	+C
CGP_donor_GC00004	Stomach-AdenoCA	MT	12384	T	-C
C0084	Kidney-RCC	MT	12384	T	-C
PCSI_0469	Panc-AdenoCA	MT	12384	T	+C
HX25	Liver-HCC	MT	12417	C	-A
CPCG0001	Prost-AdenoCA	MT	12417	C	-A
OCCAMS-ZZ-004	Eso-AdenoCA	MT	12417	C	+A
CGP_donor_GC00046	Stomach-AdenoCA	MT	12417	C	+A
PCSI_0456	Panc-AdenoCA	MT	12417	C	+A
OCCAMS-AH-046	Eso-AdenoCA	MT	12989	T	-AGC
HX30	Liver-HCC	MT	13230	C	-A
PCSI_0456	Panc-AdenoCA	MT	13513	G	-ACC
C0027	Kidney-RCC	MT	14503	T	-A
CPCG0387	Prost-AdenoCA	MT	16032	T	-G
OCCAMS-ED-036	Eso-AdenoCA	MT	16185	C	+T
CGP_donor_1437415	Bone-Benign	MT	16187	C	-CT
PCSI_0456	Panc-AdenoCA	MT	16187	C	-CT
C0052	Kidney-RCC	MT	16187	C	-CT
C0053	Kidney-RCC	MT	16187	C	-CT
C0065	Kidney-RCC	MT	16187	C	-CT
HX30	Liver-HCC	MT	16289	A	+C
PCSI_0357	Panc-AdenoCA	MT	16070	A	-C
